{
  "C2": {
    "5": {
      "template_sto_0.1": {
        "ari": [
          0.0,
          0.0,
          0.0,
          0.0,
          0.0,
          0.0,
          0.0,
          0.0,
          0.0,
          0.0
        ],
        "projector_distance": [
          19.078784028338916,
          19.078784028338916,
          19.078784028338916,
          19.078784028338916,
          19.078784028338916,
          19.078784028338916,
          19.078784028338916,
          19.078784028338916,
          19.078784028338916,
          19.078784028338916
        ],
        "time": [
          0.0010166168212890625,
          0.001552581787109375,
          0.0009987354278564453,
          0.0012843608856201172,
          0.0016131401062011719,
          0.0010097026824951172,
          0.0010933876037597656,
          0.001146554946899414,
          0.0011239051818847656,
          0.0007302761077880859
        ]
      },
      "template_sto_0.01": {
        "ari": [
          0.0,
          0.0,
          0.0,
          0.0,
          0.0,
          0.0,
          0.0,
          0.0,
          0.0,
          0.0
        ],
        "projector_distance": [
          15.488344909302924,
          15.729781898040228,
          17.204342163618556,
          15.400968114639557,
          14.982291993290218,
          13.733384650217912,
          9.16515138991168,
          15.91814461097309,
          15.559330956961903,
          7.024879195798
        ],
        "time": [
          0.005687236785888672,
          0.007838010787963867,
          0.008183956146240234,
          0.007721662521362305,
          0.010040760040283203,
          0.005015850067138672,
          0.0031332969665527344,
          0.01064443588256836,
          0.011385917663574219,
          15.208345174789429
        ]
      },
      "template_sto_0.001": {
        "ari": [
          0.36820762368207627,
          -0.013333333333333317,
          0.16845582163501238,
          0.3804347826086957,
          0.5223033252230332,
          0.29742765273311894,
          0.3780687397708674,
          0.36021926389976505,
          0.38810900082576383,
          0.1752411575562701
        ],
        "projector_distance": [
          4.918897497916006,
          6.808302384719453,
          5.474260515610911,
          4.742572855573437,
          4.812921165181208,
          5.174653889762124,
          5.506641854829461,
          5.177579354212228,
          5.383617186665197,
          5.421387187352753
        ],
        "time": [
          1.0377678871154785,
          17.53437614440918,
          1.1962435245513916,
          0.5179047584533691,
          0.28244924545288086,
          0.5261554718017578,
          2.920001745223999,
          1.264542818069458,
          3.210994243621826,
          0.4297299385070801
        ]
      },
      "template_sto_0.0001": {
        "ari": [
          0.35672997522708505,
          0.37928286852589643,
          0.4194880264244426,
          0.32535094962840627,
          0.19983484723369116,
          0.3373884833738849,
          0.639141205615194,
          0.5763831544178365,
          0.4194880264244426,
          0.4398406374501992
        ],
        "projector_distance": [
          5.284288866036279,
          4.90978400216953,
          4.633286656829803,
          5.091551826453752,
          4.721935053091976,
          4.80153493772738,
          4.555866841103351,
          4.550982433997509,
          5.048372705462316,
          4.956337735775968
        ],
        "time": [
          5.103208065032959,
          6.398155212402344,
          10.542556047439575,
          5.505744457244873,
          7.124834060668945,
          6.404515266418457,
          6.381960391998291,
          6.6229634284973145,
          6.1299214363098145,
          9.496773481369019
        ]
      },
      "template_sto_1e-05": {
        "ari": [
          0.4298459042984591,
          0.3373884833738849,
          0.502454991816694,
          0.48070739549839225,
          0.5335515548281505,
          0.525,
          0.4194880264244426,
          0.62,
          0.3469721767594108,
          0.23121387283236994
        ],
        "projector_distance": [
          5.0318339751346315,
          5.078093751011037,
          5.599887284812382,
          4.611547284177655,
          4.822413064362666,
          5.087311625470632,
          5.000581633867182,
          4.454161761057745,
          5.066587300843647,
          4.807635034323861
        ],
        "time": [
          28.28222632408142,
          33.4882709980011,
          33.838228940963745,
          34.41118335723877,
          34.47846865653992,
          33.06220722198486,
          34.83523678779602,
          35.29917526245117,
          13.30918002128601,
          14.142505884170532
        ]
      },
      "template_sto_1e-06": {
        "ari": [
          0.47924823805794825,
          0.38997650743931084,
          0.3469721767594108,
          0.39902676399026765,
          0.3096366508688783,
          0.4197337509788566,
          0.1573676680972818,
          0.3187250996015936,
          0.27575020275750206,
          0.4897314375987362
        ],
        "projector_distance": [
          4.51021823586344,
          4.8996285844466625,
          4.92913635029329,
          4.969725613570651,
          5.1676275697648375,
          5.156756566355729,
          4.67011378057364,
          4.854080404845242,
          4.668476815330262,
          4.594914911262489
        ],
        "time": [
          33.724770307540894,
          32.04625940322876,
          32.282392263412476,
          32.17875599861145,
          33.02382159233093,
          32.59936261177063,
          32.55075740814209,
          33.48928880691528,
          13.470525026321411,
          14.547192096710205
        ]
      },
      "template_sto_1e-07": {
        "ari": [
          0.19553502694380293,
          0.18329278183292783,
          -0.044999999999999984,
          0.1370767960363336,
          0.1370767960363336,
          0.09819967266775775,
          0.21411192214111924,
          0.12165450121654503,
          0.16845582163501238,
          0.4398406374501992
        ],
        "projector_distance": [
          4.425988048742274,
          4.399855027489604,
          4.429701005154084,
          4.330728588827452,
          4.371156294157319,
          4.369694196914555,
          4.351144613613289,
          4.311620394775271,
          4.463317539005833,
          4.306747068345584
        ],
        "time": [
          31.51198434829712,
          34.05347752571106,
          32.61030840873718,
          32.30603528022766,
          32.78155303001404,
          32.490349769592285,
          33.32529902458191,
          32.12821912765503,
          14.748978853225708,
          16.057459831237793
        ]
      },
      "template_sto_1e-08": {
        "ari": [
          0.06264682850430695,
          -0.0572831423895254,
          -0.0016220600162205915,
          -0.008038585209003227,
          0.12165450121654503,
          0.09819967266775775,
          0.07431874483897605,
          0.0015015015015014935,
          -0.044274809160305365,
          -0.08257638315441784
        ],
        "projector_distance": [
          4.45104837277539,
          4.459306565237261,
          4.36281112489285,
          4.3774094925900835,
          4.390527263322546,
          4.369470315807639,
          4.364760439394493,
          4.508109608517653,
          4.426527325542931,
          4.4097975269709115
        ],
        "time": [
          34.68964195251465,
          32.93149018287659,
          35.670124530792236,
          35.15694546699524,
          34.83598232269287,
          34.434046506881714,
          35.184009313583374,
          34.89633631706238,
          15.768855094909668,
          15.75957202911377
        ]
      },