{
  "DBPL": {
    "template_adj": {
      "ari": [
        0.002697964621132238,
        0.00286630913597168,
        0.0028760227610034653,
        0.00037069164742945004,
        0.0030108260422309833,
        0.005233365149872107,
        0.0035618632867568853,
        0.0026145815699271384,
        0.001961358607230228,
        0.004955106258583657,
        0.002787301828616981,
        0.003602343048140225,
        0.00413275614186943,
        0.00781688180766809,
        0.003578315143622031,
        0.001298556063060777,
        0.0035802747036830286,
        -0.000401915525328401,
        -1.9736452796778274e-05,
        0.006073826571184872,
        0.0011006609326585587,
        0.0034946404366973487,
        0.004767109159522782,
        0.00013970363902224799,
        0.011655463943094009,
        0.004959798077908783,
        0.002144271889925198,
        0.00425043373230688,
        -0.0012392842446436322,
        0.007385369017274049,
        0.003413277402363941,
        0.009699493847829742,
        0.004701341467526478,
        -0.0013845932545771189,
        -0.0006928667636349739,
        0.004381181924814886,
        -2.7093231253210208e-05,
        0.0006302858592666924,
        0.005492127575994962,
        -0.0010109264553529757
      ],
      "projector_distance": [
        4.3643922800197394,
        4.317287927060556,
        4.331743725476241,
        4.337028729042727,
        4.351937094395591,
        4.3272837569092975,
        4.3424162190942575,
        4.334733837768743,
        4.3412331582591515,
        4.344773568595402,
        4.3405333101993095,
        4.344073082304585,
        4.32146452404421,
        4.314503542473095,
        4.345337438498914,
        4.33412497826683,
        4.320776553142671,
        4.3421652271452285,
        4.344143875972055,
        4.338014471148446,
        4.325879746968653,
        4.337788377021238,
        4.335723954144724,
        4.354682723429415,
        4.3430319665815995,
        4.316371744430943,
        4.3255672665889415,
        4.3123964378526844,
        4.346509388975797,
        4.3341166730917715,
        4.3112371451718845,
        4.34469238075911,
        4.309325408618995,
        4.334986199083882,
        4.3387869945812385,
        4.328454560364034,
        4.328282894505467,
        4.348066691190414,
        4.344587021697992,
        4.333831692727283
      ],
      "time": [
        1003.1444914340973,
        1002.1579782962799,
        1002.0845420360565,
        1002.2101023197174,
        1002.9369652271271,
        1003.2610640525818,
        1004.0235736370087,
        1005.0020544528961,
        1003.9402685165405,
        1002.7139942646027,
        1002.2289478778839,
        1003.5789506435394,
        1004.8769099712372,
        1003.2507116794586,
        1001.702733039856,
        1003.663980960846,
        1003.8187146186829,
        1002.6340680122375,
        1005.9280343055725,
        1003.3834986686707,
        1001.9881868362427,
        1006.4011104106903,
        1004.5870323181152,
        1004.4220609664917,
        1006.1439361572266,
        1004.3202822208405,
        1002.2729332447052,
        1003.7070376873016,
        1003.2913241386414,
        1004.1427719593048,
        1003.5483810901642,
        1005.6507039070129,
        1003.2961809635162,
        1003.8226735591888,
        1003.2867653369904,
        1005.604593038559,
        1003.8503108024597,
        1003.4606847763062,
        1003.5496082305908,
        1005.1696832180023
      ]
    },
    "template_lap": {
      "ari": [
        -0.00026116624171809564,
        0.001149951461823262,
        0.0005109505857978923,
        0.0005970458264064291,
        0.0008931640834432382,
        0.0005494612612591176,
        -0.0008225363263554849,
        0.00210373279792553,
        0.0006598377126173332,
        -0.0007116154170129813,
        -0.0006815085327576739,
        0.00099153747211307,
        0.0005229205856867495,
        0.0005339716735726611,
        0.0017812008310072907,
        0.0009562233109336061,
        0.0008393512514999397,
        -0.00026492232865712117,
        0.0006159909830673639,
        0.0002407819188697963,
        -2.750943479752554e-05,
        0.0006358807900591564,
        -3.0703754511936064e-05,
        0.0010740565338713854,
        0.0007893424650546524,
        -0.00028202707287628407,
        0.0014746029873648563,
        0.0016661005545486971,
        0.0013167926762165168,
        0.0007979616855905625,
        0.00100931982999324,
        -5.931511644143831e-06,
        0.0009706394678202125,
        -0.00010745052617492565,
        0.001054634657999856,
        0.0016408153911100418,
        0.0008321114978346273,
        0.0009352884989254422,
        0.003173908407083394,
        0.00022302373080038452
      ],
      "projector_distance": [
        4.470782188214715,
        4.468841063947474,
        4.470121841178427,
        4.46919116655459,
        4.4694927714733845,
        4.469789452003197,
        4.469916100142388,
        4.469359002883697,
        4.469469668917294,
        4.470766257389845,
        4.469158871563375,
        4.469431150583911,
        4.469188002761473,
        4.469322456582352,
        4.469851723057977,
        4.468805044715371,
        4.46961302996674,
        4.470850282661607,
        4.470131790294661,
        4.469733327120015,
        4.469943212820774,
        4.468011576842291,
        4.469171536271296,
        4.4693520980772075,
        4.467977753612638,
        4.469187351462675,
        4.466884679737843,
        4.4691280659684764,
        4.468659609982657,
        4.470427850948725,
        4.468763758922513,
        4.46899858555964,
        4.468799325542766,
        4.469515588176846,
        4.469398081010639,
        4.469128080684038,
        4.468593034076422,
        4.470025220270348,
        4.4676804680693225,
        4.470086619206254
      ],
      "time": [
        1004.7590022087097,
        1005.8983974456787,
        1005.705846786499,
        1005.9721367359161,
        1006.616681098938,
        1004.093656539917,
        1004.6467123031616,
        1004.7314465045929,
        1005.8127009868622,
        1004.9397847652435,
        1004.9494743347168,
        1005.6930193901062,
        1004.6946618556976,
        1004.9461755752563,
        1005.7904026508331,
        1004.9120109081268,
        1005.04754114151,
        1005.5282156467438,
        1004.2508833408356,
        1005.6795580387115,
        1006.0678880214691,
        1007.2188069820404,
        1007.0729486942291,
        1004.8733823299408,
        1006.10547041893,
        1005.2480895519257,
        1004.6388976573944,
        1007.5858745574951,
        1005.6220536231995,
        1005.2578251361847,
        1004.811311006546,
        1004.5618133544922,
        1005.7253317832947,
        1008.1521482467651,
        1006.2973880767822,
        1007.4309303760529,
        1007.5551686286926,
        1009.9212026596069,
        1006.7164340019226,
        1008.4309649467468
      ]
    },