{
  "email": {
    "template_adj": {
      "ari": [
        0.0004682124615186246,
        0.0008190573180090942,
        0.004876831048120005,
        0.0021816798246751105,
        0.0006624972275652011,
        0.0017238998892682516,
        0.0020583618758147366,
        0.0020905269777813642,
        0.0034517748827615543,
        0.001725335262844561,
        0.0016295106789304854,
        0.001187539949770722,
        0.0048527106274115,
        0.00044469670189076,
        0.00368850249908076,
        0.003633933706932549
      ],
      "projector_distance": [
        8.912828859017885,
        8.906889952426814,
        8.906099181823148,
        8.908119734856497,
        8.90756188816909,
        8.907243138306846,
        8.908512074055446,
        8.91048213604514,
        8.914090152797437,
        8.904584281942498,
        8.908571039833902,
        8.908685636600785,
        8.913258509193147,
        8.903018065570482,
        8.912773293418805,
        8.903532355902009
      ],
      "time": [
        1002.9773595333099,
        1004.9459614753723,
        1004.7777526378632,
        1003.6333570480347,
        1003.5288846492767,
        1004.9987292289734,
        1005.2883770465851,
        1004.8015959262848,
        1005.0193221569061,
        1005.1963455677032,
        1005.1335072517395,
        1005.0058529376984,
        1004.4640276432037,
        1004.3907659053802,
        1003.3309640884399,
        1004.8954410552979
      ]
    },
    "template_lap": {
      "ari": [
        -0.0022344379840170433,
        0.00041858328897558135,
        0.0036373085363576208,
        0.0004098532313397283,
        0.001690545682418375,
        -0.0009204570728829633,
        0.0037317758769453307,
        0.0005606804867393978,
        0.0014245008779099181,
        0.0007901671146259009,
        0.0002446619663553975,
        0.001256441051412016,
        0.002302980469644229,
        0.0037271116922312705,
        -0.001390122861914847,
        0.0012157520386508517
      ],
      "projector_distance": [
        8.983245201938809,
        8.987477911604186,
        8.979861041660108,
        8.982377265804976,
        8.980697424600868,
        8.976682499394904,
        8.98097393404482,
        8.987564882693555,
        8.98375074663635,
        8.977792102658812,
        8.983034368422333,
        8.976059155735749,
        8.981717755991438,
        8.987104127039453,
        8.981886555492403,
        8.986089695944843
      ],
      "time": [
        1003.9718143939972,
        1005.0173463821411,
        1004.4871020317078,
        1003.5113575458527,
        1004.6440231800079,
        1005.6426634788513,
        1004.8018043041229,
        1004.6741952896118,
        1004.7602183818817,
        1005.137800693512,
        1004.8215539455414,
        1004.479344367981,
        1005.229484796524,
        1005.2239434719086,
        1004.0006558895111,
        1004.7305073738098
      ]
    },
    "spectral": {
      "ari": [
        0.0016709548450540238,
        -0.00013649531031983457,
        8.902907647782161e-05,
        0.000514257604352965,
        0.00014972184932777148,
        0.0003158699398961288,
        -0.00034610879973618177,
        0.0008042060496313133,
        -0.0021385330798996903,
        0.0025364141995874133,
        -0.0022237982537258987,
        0.0003519157329181123,
        -0.0013474636742763812,
        0.0018458650206171865,
        -0.0014476340900630997,
        -0.0016958337127876764
      ],
      "projector_distance": [
        8.90114532027649,
        8.90114532027649,
        8.90114532027649,
        8.901145320276486,
        8.901145320276491,
        8.901145320276486,
        8.901145320276491,
        8.90114532027649,
        8.901145320276486,
        8.901145320276491,
        8.901145320276488,
        8.90114532027649,
        8.90114532027649,
        8.901145320276486,
        8.90114532027649,
        8.901145320276493
      ],
      "time": [
        11.898017406463623,
        10.421123027801514,
        10.72797441482544,
        12.600257158279419,
        12.196662425994873,
        9.720154523849487,
        9.803792476654053,
        10.513845920562744,
        9.898544549942017,
        9.70907211303711,
        9.352097749710083,
        11.12007474899292,
        9.624885559082031,
        8.869901418685913,
        12.87127947807312,
        10.278056144714355
      ]
    },
    "modularity": {
      "ari": [
        0.004544902217428884,
        0.004544902217428884,
        0.004544902217428884,
        0.004544902217428884,
        0.004544902217428884,
        0.004544902217428884,
        0.004544902217428884,
        0.004544902217428884,
        0.004544902217428884,
        0.004544902217428884,
        0.004544902217428884,
        0.004544902217428884,
        0.004544902217428884,
        0.004544902217428884,
        0.004544902217428884,
        0.004544902217428884
      ],
      "projector_distance": [
        "N/A",
        "N/A",
        "N/A",
        "N/A",
        "N/A",
        "N/A",
        "N/A",
        "N/A",
        "N/A",
        "N/A",
        "N/A",
        "N/A",
        "N/A",
        "N/A",
        "N/A",
        "N/A"
      ],
      "time": [
        2.9932994842529297,
        1.8010318279266357,
        1.9997668266296387,
        2.3681771755218506,
        2.477306842803955,
        2.196798086166382,
        2.059461832046509,
        2.332705020904541,
        2.1291019916534424,
        1.9540088176727295,
        2.169710874557495,
        2.1574177742004395,
        2.304237127304077,
        2.232118606567383,
        2.583259344100952,
        2.0194900035858154
      ]
    }
  },
  "DBPL": {
    "template_adj": {
      "ari": [
        -3.224943545384057e-05,
        0.00027191854920829067,
        1.5981408132103114e-05,
        -0.00031794102174558864,
        0.00018957956713498586,
        2.5903188222370696e-05,
        0.00024515272011639056,
        -0.00011550395239633154,
        0.00010392891202053701,
        -8.725486792162577e-05,
        8.457070796730027e-05,
        0.00027951486709015957,
        0.0002445432472998136,
        -0.00019118696222649736,
        -0.00014328449805687036,
        5.004104690166659e-06
      ],
      "projector_distance": [
        36.992525165352475,
        36.98694320019642,
        36.986715159587774,
        36.986157998718404,
        36.98211790263999,
        36.985487130678216,
        36.989608665127875,
        36.98466685485088,
        36.9880347183265,
        36.984485353553275,
        36.983606617833416,
        36.9824436955906,
        36.99044769422876,
        36.984659061032715,
        36.98510913081564,
        36.9830598578667
      ],
      "time": [
        1762.7452247142792,
        1645.8260669708252,
        1580.913051366806,
        1680.941837310791,
        1601.786937713623,
        1702.7041742801666,
        1643.7589585781097,
        1775.845516204834,
        1624.3438243865967,
        1788.04527926445,
        1714.494336605072,
        1647.4382770061493,
        1776.3133192062378,
        1707.5583214759827,
        1728.0384776592255,
        1701.8105261325836
      ]
    },
    "template_lap": {
      "ari": [
        4.794391383753116e-05,
        8.076593347477659e-05,
        0.0005295339252564207,
        -0.0005003130343754223,
        0.00019496062913227684,
        0.00011833579105711152,
        -0.0006595659700322012,
        0.00013225999648805125,
        0.00022223191488650673,
        -0.00010236548397210213,
        0.0006501178778783318,
        5.182101016765033e-05,
        9.498222799701812e-05,
        -8.581090996708503e-05,
        0.0003332712673749762,
        -0.0005794845899430048
      ],